Workbook

Sheet CUESTIONARIO
A1: CUESTIONARIO HONEY-ALONSO DE ESTILOS DE APRENDIZAJE
A2: En cada una de las celdas de la columna PREFERENCIA anota un "0" si estas en mas desacuerdo con la pregunta correspondiente o anota "1" si estas mas de acuerdo que en desacuerdo. El único requisito para que obtengas un resultado lo mas real posible es ser sincero.
A4: No. | B4: CARACTERÍSTICAS | C4: PREFERENCIA
A5: 1 | B5: Tengo fama de decir lo que pienso claramente y sin rodeos.
A6: 2 | B6: Estoy seguro de lo que es bueno y es malo, lo que está bien y lo que está mal.
A7: 3 | B7: Muchas veces actúo sin mirar las consecuencias.
A8: 4 | B8: Normalmente trato de resolver los problemas metódicamente y paso a paso.
A9: 5 | B9: Creo que los formalismos coartan y limitan la actuación libre de las personas.
A10: 6 | B10: Me interesa saber cuáles son los sistemas de valores de los demás y con qué criterios actúan.
A11: 7 | B11: Pienso que el actuar intuitivamente puede ser siempre tan válido como actuar reflexivamente.
A12: 8 | B12: Creo que lo más importante es que las cosas funcionen.
A13: 9 | B13: Procuro estar al tanto de lo que ocurre aquí y ahora.
A14: 10 | B14: Disfruto cuando tengo tiempo para preparar mi trabajo y realizarlo a conciencia.
A15: 11 | B15: Estoy a gusto siguiendo un orden, en las comidas, en el estudio, haciendo ejercicio regularmente.
A16: 12 | B16: Cuando escucho una nueva idea enseguida comienzo a pensar cómo ponerla en práctica.
... A84: 80 | B84: Esquivo los temas subjetivos, ambiguos y pocos claros.
B86: FAVOR DE REVISAR QUE NINGUNA CELDA QUEDE VACIA, TODAS DEBEN CONTENER UN 0 O UN 1
B87: Si ninguna celda está en blanco y no contiene digitos diferentes de 1 o 0 pasa a la hoja CALCULO

Sheet CALCULO
B1: PUNTUACIONES DEL CUESTIONARIO ITEM
B2: I | D2: II | F2: III | H2: IV
B3: ACTIVO | D3: REFLEXIVO | F3: TEORICO | H3: PRAGMATICO
B4: PREG | C4: CALIF | D4: PREG | E4: CALIF | F4: PREG | G4: CALIF | H4: PREG | I4: CALIF
B5: 3 | C5: =CUESTIONARIO!C7 | D5: 10 | E5: =CUESTIONARIO!C14 | F5: 2 | G5: =CUESTIONARIO!C6 | H5: 1 | I5: =CUESTIONARIO!C5
B6: 5 | C6: =CUESTIONARIO!C9 | D6: 16 | E6: =CUESTIONARIO!C20 | F6: 4 | G6: =CUESTIONARIO!C8 | H6: 8 | I6: =CUESTIONARIO!C12
B7: 7 | C7: =CUESTIONARIO!C11 | D7: 18 | E7: =CUESTIONARIO!C22 | F7: 6 | G7: =CUESTIONARIO!C10 | H7: 12 | I7: =CUESTIONARIO!C16
B8: 9 | C8: =CUESTIONARIO!C13 | D8: 19 | E8: =CUESTIONARIO!C23 | F8: 11 | G8: =CUESTIONARIO!C15 | H8: 14 | I8: =CUESTIONARIO!C18
B9: 13 | C9: =CUESTIONARIO!C17 | D9: 28 | E9: =CUESTIONARIO!C32 | F9: 15 | G9: =CUESTIONARIO!C19 | H9: 22 | I9: =CUESTIONARIO!C26
B10: 20 | C10: =CUESTIONARIO!C24 | D10: 31 | E10: =CUESTIONARIO!C35 | F10: 17 | G10: =CUESTIONARIO!C21 | H10: 24 | I10: =CUESTIONARIO!C28
B11: 26 | C11: =CUESTIONARIO!C30 | D11: 32 | E11: =CUESTIONARIO!C36 | F11: 21 | G11: =CUESTIONARIO!C25 | H11: 30 | I11: =CUESTIONARIO!C34
B12: 27 | C12: =CUESTIONARIO!C31 | D12: 34 | E12: =CUESTIONARIO!C38 | F12: 23 | G12: =CUESTIONARIO!C27 | H12: 38 | I12: =CUESTIONARIO!C42
B13: 35 | C13: =CUESTIONARIO!C39 | D13: 36 | E13: =CUESTIONARIO!C40 | F13: 25 | G13: =CUESTIONARIO!C29 | H13: 40 | I13: =CUESTIONARIO!C44
B14: 37 | C14: =CUESTIONARIO!C41 | D14: 39 | E14: =CUESTIONARIO!C43 | F14: 29 | G14: =CUESTIONARIO!C33 | H14: 47 | I14: =CUESTIONARIO!C51
B15: 41 | C15: =CUESTIONARIO!C45 | D15: 42 | E15: =CUESTIONARIO!C46 | F15: 33 | G15: =CUESTIONARIO!C37 | H15: 52 | I15: =CUESTIONARIO!C56
B16: 43 | C16: =CUESTIONARIO!C47 | D16: 44 | E16: =CUESTIONARIO!C48 | F16: 45 | G16: =CUESTIONARIO!C49 | H16: 53 | I16: =CUESTIONARIO!C57
B17: 46 | C17: =CUESTIONARIO!C50 | D17: 49 | E17: =CUESTIONARIO!C53 | F17: 50 | G17: =CUESTIONARIO!C54 | H17: 56 | I17: =CUESTIONARIO!C60
B18: 48 | C18: =CUESTIONARIO!C52 | D18: 55 | E18: =CUESTIONARIO!C59 | F18: 54 | G18: =CUESTIONARIO!C58 | H18: 57 | I18: =CUESTIONARIO!C61
B19: 51 | C19: =CUESTIONARIO!C55 | D19: 58 | E19: =CUESTIONARIO!C62 | F19: 60 | G19: =CUESTIONARIO!C64 | H19: 59 | I19: =CUESTIONARIO!C63
B20: 61 | C20: =CUESTIONARIO!C65 | D20: 63 | E20: =CUESTIONARIO!C67 | F20: 64 | G20: =CUESTIONARIO!C68 | H20: 62 | I20: =CUESTIONARIO!C66
B21: 67 | C21: =CUESTIONARIO!C71 | D21: 65 | E21: =CUESTIONARIO!C69 | F21: 66 | G21: =CUESTIONARIO!C70 | H21: 68 | I21: =CUESTIONARIO!C72
B22: 74 | C22: =CUESTIONARIO!C78 | D22: 69 | E22: =CUESTIONARIO!C73 | F22: 71 | G22: =CUESTIONARIO!C75 | H22: 72 | I22: =CUESTIONARIO!C76
B23: 75 | C23: =CUESTIONARIO!C79 | D23: 70 | E23: =CUESTIONARIO!C74 | F23: 78 | G23: =CUESTIONARIO!C82 | H23: 73 | I23: =CUESTIONARIO!C77
B24: 77 | C24: =CUESTIONARIO!C81 | D24: 79 | E24: =CUESTIONARIO!C83 | F24: 80 | G24: =CUESTIONARIO!C84 | H24: 76 | I24: =CUESTIONARIO!C80
B25: SUMA | C25: =SUM(C5:C24) -> 0 | D25: SUMA | E25: =SUM(E5:E24) -> 0 | F25: SUMA | G25: =SUM(G5:G24) -> 0 | H25: SUMA | I25: =SUM(I5:I24) -> 0
C28: PUNTUACIONES POR ESTILO
B29: TIPO | C29: I | D29: II | E29: III | F29: IV
B30: CALIF | C30: =C25 -> 0 | D30: =E25 -> 0 | E30: =G25 -> 0 | F30: =I25 -> 0

Sheet Estilo Activo

Sheet Estilo Pragmático

Sheet Estilo Reflexivo

Sheet Estilo Teórico
